source	loc	lastmod	priority
code	https://code.claude.com/docs/en/amazon-bedrock	2026-02-04T00:24:45.138Z	
code	https://code.claude.com/docs/en/analytics	2026-02-03T03:00:22.468Z	
code	https://code.claude.com/docs/en/authentication	2026-02-03T03:00:22.470Z	
code	https://code.claude.com/docs/en/best-practices	2026-01-28T13:17:42.807Z	
code	https://code.claude.com/docs/en/checkpointing	2026-01-28T13:17:42.808Z	
code	https://code.claude.com/docs/en/chrome	2026-01-28T13:17:42.805Z	
code	https://code.claude.com/docs/en/claude-code-on-the-web	2026-02-04T00:24:45.139Z	
code	https://code.claude.com/docs/en/cli-reference	2026-02-04T00:24:45.140Z	
code	https://code.claude.com/docs/en/common-workflows	2026-02-04T00:24:45.144Z	
code	https://code.claude.com/docs/en/costs	2026-01-28T13:17:42.833Z	
code	https://code.claude.com/docs/en/data-usage	2026-02-01T16:34:36.480Z	
code	https://code.claude.com/docs/en/desktop	2026-02-03T03:00:22.550Z	
code	https://code.claude.com/docs/en/devcontainer	2026-01-28T13:17:42.832Z	
code	https://code.claude.com/docs/en/discover-plugins	2026-01-28T13:17:42.831Z	
code	https://code.claude.com/docs/en/features-overview	2026-01-31T02:37:55.326Z	
code	https://code.claude.com/docs/en/github-actions	2026-02-04T00:24:45.141Z	
code	https://code.claude.com/docs/en/gitlab-ci-cd	2026-02-04T00:24:45.142Z	
code	https://code.claude.com/docs/en/google-vertex-ai	2026-02-04T00:24:45.145Z	
code	https://code.claude.com/docs/en/headless	2026-01-30T18:03:04.291Z	
code	https://code.claude.com/docs/en/hooks	2026-02-03T03:00:22.663Z	
code	https://code.claude.com/docs/en/hooks-guide	2026-02-01T20:21:41.236Z	
code	https://code.claude.com/docs/en/how-claude-code-works	2026-02-03T03:00:22.635Z	
code	https://code.claude.com/docs/en/interactive-mode	2026-02-03T03:00:22.630Z	
code	https://code.claude.com/docs/en/jetbrains	2026-01-28T13:17:42.854Z	
code	https://code.claude.com/docs/en/keybindings	2026-02-03T15:22:08.678Z	
code	https://code.claude.com/docs/en/legal-and-compliance	2026-01-28T13:17:42.855Z	
code	https://code.claude.com/docs/en/llm-gateway	2026-01-28T13:17:42.881Z	
code	https://code.claude.com/docs/en/mcp	2026-01-28T13:17:42.875Z	
code	https://code.claude.com/docs/en/memory	2026-02-01T20:21:41.232Z	
code	https://code.claude.com/docs/en/microsoft-foundry	2026-01-28T13:17:42.876Z	
code	https://code.claude.com/docs/en/model-config	2026-01-28T13:17:42.873Z	
code	https://code.claude.com/docs/en/monitoring-usage	2026-02-03T06:43:52.750Z	
code	https://code.claude.com/docs/en/network-config	2026-01-28T13:17:42.877Z	
code	https://code.claude.com/docs/en/output-styles	2026-01-28T13:17:42.880Z	
code	https://code.claude.com/docs/en/overview	2026-02-04T00:24:45.193Z	
code	https://code.claude.com/docs/en/permissions	2026-02-04T00:23:38.001Z	
code	https://code.claude.com/docs/en/plugin-marketplaces	2026-01-28T13:17:42.878Z	
code	https://code.claude.com/docs/en/plugins	2026-01-31T02:37:58.738Z	
code	https://code.claude.com/docs/en/plugins-reference	2026-01-31T02:37:58.735Z	
code	https://code.claude.com/docs/en/quickstart	2026-02-03T03:00:25.938Z	
code	https://code.claude.com/docs/en/sandboxing	2026-02-03T03:00:25.944Z	
code	https://code.claude.com/docs/en/security	2026-02-03T03:00:25.930Z	
code	https://code.claude.com/docs/en/settings	2026-02-04T00:24:45.203Z	
code	https://code.claude.com/docs/en/setup	2026-02-03T20:20:13.257Z	
code	https://code.claude.com/docs/en/skills	2026-02-03T03:00:25.943Z	
code	https://code.claude.com/docs/en/slack	2026-02-03T23:01:39.928Z	
code	https://code.claude.com/docs/en/statusline	2026-01-28T13:17:42.903Z	
code	https://code.claude.com/docs/en/sub-agents	2026-02-03T03:00:25.987Z	
code	https://code.claude.com/docs/en/terminal-config	2026-01-28T13:17:42.919Z	
code	https://code.claude.com/docs/en/third-party-integrations	2026-02-03T03:00:25.982Z	
code	https://code.claude.com/docs/en/troubleshooting	2026-02-03T03:00:25.989Z	
code	https://code.claude.com/docs/en/vs-code	2026-02-01T20:21:41.234Z	
platform	https://platform.claude.com/docs		0.8
platform	https://platform.claude.com/docs/en/about-claude/glossary		0.8
platform	https://platform.claude.com/docs/en/about-claude/model-deprecations		0.8
platform	https://platform.claude.com/docs/en/about-claude/models/choosing-a-model		0.8
platform	https://platform.claude.com/docs/en/about-claude/models/migrating-to-claude-4		0.8
platform	https://platform.claude.com/docs/en/about-claude/models/overview		1
platform	https://platform.claude.com/docs/en/about-claude/models/whats-new-claude-4-5		0.8
platform	https://platform.claude.com/docs/en/about-claude/pricing		0.8
platform	https://platform.claude.com/docs/en/about-claude/use-case-guides/content-moderation		0.8
platform	https://platform.claude.com/docs/en/about-claude/use-case-guides/customer-support-chat		0.8
platform	https://platform.claude.com/docs/en/about-claude/use-case-guides/legal-summarization		0.8
platform	https://platform.claude.com/docs/en/about-claude/use-case-guides/overview		1
platform	https://platform.claude.com/docs/en/about-claude/use-case-guides/ticket-routing		0.8
platform	https://platform.claude.com/docs/en/agent-sdk/cost-tracking		0.8
platform	https://platform.claude.com/docs/en/agent-sdk/custom-tools		0.8
platform	https://platform.claude.com/docs/en/agent-sdk/file-checkpointing		0.8
platform	https://platform.claude.com/docs/en/agent-sdk/hooks		0.8
platform	https://platform.claude.com/docs/en/agent-sdk/hosting		0.8
platform	https://platform.claude.com/docs/en/agent-sdk/mcp		0.8
platform	https://platform.claude.com/docs/en/agent-sdk/migration-guide		0.8
platform	https://platform.claude.com/docs/en/agent-sdk/modifying-system-prompts		0.8
platform	https://platform.claude.com/docs/en/agent-sdk/overview		1
platform	https://platform.claude.com/docs/en/agent-sdk/permissions		0.8
platform	https://platform.claude.com/docs/en/agent-sdk/plugins		0.8
platform	https://platform.claude.com/docs/en/agent-sdk/python		0.8
platform	https://platform.claude.com/docs/en/agent-sdk/quickstart		1
platform	https://platform.claude.com/docs/en/agent-sdk/secure-deployment		0.8
platform	https://platform.claude.com/docs/en/agent-sdk/sessions		0.8
platform	https://platform.claude.com/docs/en/agent-sdk/skills		0.8
platform	https://platform.claude.com/docs/en/agent-sdk/slash-commands		0.8
platform	https://platform.claude.com/docs/en/agent-sdk/streaming-output		0.8
platform	https://platform.claude.com/docs/en/agent-sdk/streaming-vs-single-mode		0.8
platform	https://platform.claude.com/docs/en/agent-sdk/structured-outputs		0.8
platform	https://platform.claude.com/docs/en/agent-sdk/subagents		0.8
platform	https://platform.claude.com/docs/en/agent-sdk/todo-tracking		0.8
platform	https://platform.claude.com/docs/en/agent-sdk/typescript		0.8
platform	https://platform.claude.com/docs/en/agent-sdk/typescript-v2-preview		0.8
platform	https://platform.claude.com/docs/en/agent-sdk/user-input		0.8
platform	https://platform.claude.com/docs/en/agents-and-tools/agent-skills/best-practices		0.8
platform	https://platform.claude.com/docs/en/agents-and-tools/agent-skills/enterprise		0.8
platform	https://platform.claude.com/docs/en/agents-and-tools/agent-skills/overview		1
platform	https://platform.claude.com/docs/en/agents-and-tools/agent-skills/quickstart		1
platform	https://platform.claude.com/docs/en/agents-and-tools/mcp-connector		0.8
platform	https://platform.claude.com/docs/en/agents-and-tools/remote-mcp-servers		0.8
platform	https://platform.claude.com/docs/en/agents-and-tools/tool-use/bash-tool		0.8
platform	https://platform.claude.com/docs/en/agents-and-tools/tool-use/code-execution-tool		0.8
platform	https://platform.claude.com/docs/en/agents-and-tools/tool-use/computer-use-tool		0.8
platform	https://platform.claude.com/docs/en/agents-and-tools/tool-use/fine-grained-tool-streaming		0.8
platform	https://platform.claude.com/docs/en/agents-and-tools/tool-use/implement-tool-use		0.8
platform	https://platform.claude.com/docs/en/agents-and-tools/tool-use/memory-tool		0.8
platform	https://platform.claude.com/docs/en/agents-and-tools/tool-use/overview		1
platform	https://platform.claude.com/docs/en/agents-and-tools/tool-use/programmatic-tool-calling		0.8
platform	https://platform.claude.com/docs/en/agents-and-tools/tool-use/text-editor-tool		0.8
platform	https://platform.claude.com/docs/en/agents-and-tools/tool-use/tool-search-tool		0.8
platform	https://platform.claude.com/docs/en/agents-and-tools/tool-use/web-fetch-tool		0.8
platform	https://platform.claude.com/docs/en/agents-and-tools/tool-use/web-search-tool		0.8
platform	https://platform.claude.com/docs/en/api/admin		0.9
platform	https://platform.claude.com/docs/en/api/admin/api_keys		0.9
platform	https://platform.claude.com/docs/en/api/admin/api_keys/list		0.9
platform	https://platform.claude.com/docs/en/api/admin/api_keys/retrieve		0.9
platform	https://platform.claude.com/docs/en/api/admin/api_keys/update		0.9
platform	https://platform.claude.com/docs/en/api/admin/cost_report		0.9
platform	https://platform.claude.com/docs/en/api/admin/cost_report/retrieve		0.9
platform	https://platform.claude.com/docs/en/api/admin/invites		0.9
platform	https://platform.claude.com/docs/en/api/admin/invites/create		0.9
platform	https://platform.claude.com/docs/en/api/admin/invites/delete		0.9
platform	https://platform.claude.com/docs/en/api/admin/invites/list		0.9
platform	https://platform.claude.com/docs/en/api/admin/invites/retrieve		0.9
platform	https://platform.claude.com/docs/en/api/admin/organizations		0.9
platform	https://platform.claude.com/docs/en/api/admin/organizations/me		0.9
platform	https://platform.claude.com/docs/en/api/admin/usage_report		0.9
platform	https://platform.claude.com/docs/en/api/admin/usage_report/retrieve_claude_code		0.9
platform	https://platform.claude.com/docs/en/api/admin/usage_report/retrieve_messages		0.9
platform	https://platform.claude.com/docs/en/api/admin/users		0.9
platform	https://platform.claude.com/docs/en/api/admin/users/delete		0.9
platform	https://platform.claude.com/docs/en/api/admin/users/list		0.9
platform	https://platform.claude.com/docs/en/api/admin/users/retrieve		0.9
platform	https://platform.claude.com/docs/en/api/admin/users/update		0.9
platform	https://platform.claude.com/docs/en/api/admin/workspaces		0.9
platform	https://platform.claude.com/docs/en/api/admin/workspaces/archive		0.9
platform	https://platform.claude.com/docs/en/api/admin/workspaces/create		0.9
platform	https://platform.claude.com/docs/en/api/admin/workspaces/list		0.9
platform	https://platform.claude.com/docs/en/api/admin/workspaces/members		0.9
platform	https://platform.claude.com/docs/en/api/admin/workspaces/members/create		0.9
platform	https://platform.claude.com/docs/en/api/admin/workspaces/members/delete		0.9
platform	https://platform.claude.com/docs/en/api/admin/workspaces/members/list		0.9
platform	https://platform.claude.com/docs/en/api/admin/workspaces/members/retrieve		0.9
platform	https://platform.claude.com/docs/en/api/admin/workspaces/members/update		0.9
platform	https://platform.claude.com/docs/en/api/admin/workspaces/retrieve		0.9
platform	https://platform.claude.com/docs/en/api/admin/workspaces/update		0.9
platform	https://platform.claude.com/docs/en/api/beta		0.9
platform	https://platform.claude.com/docs/en/api/beta-headers		0.8
platform	https://platform.claude.com/docs/en/api/beta/files		0.9
platform	https://platform.claude.com/docs/en/api/beta/files/delete		0.9
platform	https://platform.claude.com/docs/en/api/beta/files/download		0.9
platform	https://platform.claude.com/docs/en/api/beta/files/list		0.9
platform	https://platform.claude.com/docs/en/api/beta/files/retrieve_metadata		0.9
platform	https://platform.claude.com/docs/en/api/beta/files/upload		0.9
platform	https://platform.claude.com/docs/en/api/beta/messages		0.9
platform	https://platform.claude.com/docs/en/api/beta/messages/batches		0.9
platform	https://platform.claude.com/docs/en/api/beta/messages/batches/cancel		0.9
platform	https://platform.claude.com/docs/en/api/beta/messages/batches/create		0.9
platform	https://platform.claude.com/docs/en/api/beta/messages/batches/delete		0.9
platform	https://platform.claude.com/docs/en/api/beta/messages/batches/list		0.9
platform	https://platform.claude.com/docs/en/api/beta/messages/batches/results		0.9
platform	https://platform.claude.com/docs/en/api/beta/messages/batches/retrieve		0.9
platform	https://platform.claude.com/docs/en/api/beta/messages/count_tokens		0.9
platform	https://platform.claude.com/docs/en/api/beta/messages/create		0.9
platform	https://platform.claude.com/docs/en/api/beta/models		0.9
platform	https://platform.claude.com/docs/en/api/beta/models/list		0.9
platform	https://platform.claude.com/docs/en/api/beta/models/retrieve		0.9
platform	https://platform.claude.com/docs/en/api/beta/skills		0.9
platform	https://platform.claude.com/docs/en/api/beta/skills/create		0.9
platform	https://platform.claude.com/docs/en/api/beta/skills/delete		0.9
platform	https://platform.claude.com/docs/en/api/beta/skills/list		0.9
platform	https://platform.claude.com/docs/en/api/beta/skills/retrieve		0.9
platform	https://platform.claude.com/docs/en/api/beta/skills/versions		0.9
platform	https://platform.claude.com/docs/en/api/beta/skills/versions/create		0.9
platform	https://platform.claude.com/docs/en/api/beta/skills/versions/delete		0.9
platform	https://platform.claude.com/docs/en/api/beta/skills/versions/list		0.9
platform	https://platform.claude.com/docs/en/api/beta/skills/versions/retrieve		0.9
platform	https://platform.claude.com/docs/en/api/client-sdks		0.8
platform	https://platform.claude.com/docs/en/api/completions		0.9
platform	https://platform.claude.com/docs/en/api/completions/create		0.9
platform	https://platform.claude.com/docs/en/api/errors		0.8
platform	https://platform.claude.com/docs/en/api/go/beta		0.9
platform	https://platform.claude.com/docs/en/api/go/beta/files		0.9
platform	https://platform.claude.com/docs/en/api/go/beta/files/delete		0.9
platform	https://platform.claude.com/docs/en/api/go/beta/files/download		0.9
platform	https://platform.claude.com/docs/en/api/go/beta/files/list		0.9
platform	https://platform.claude.com/docs/en/api/go/beta/files/retrieve_metadata		0.9
platform	https://platform.claude.com/docs/en/api/go/beta/files/upload		0.9
platform	https://platform.claude.com/docs/en/api/go/beta/messages		0.9
platform	https://platform.claude.com/docs/en/api/go/beta/messages/batches		0.9
platform	https://platform.claude.com/docs/en/api/go/beta/messages/batches/cancel		0.9
platform	https://platform.claude.com/docs/en/api/go/beta/messages/batches/create		0.9
platform	https://platform.claude.com/docs/en/api/go/beta/messages/batches/delete		0.9
platform	https://platform.claude.com/docs/en/api/go/beta/messages/batches/list		0.9
platform	https://platform.claude.com/docs/en/api/go/beta/messages/batches/results		0.9
platform	https://platform.claude.com/docs/en/api/go/beta/messages/batches/retrieve		0.9
platform	https://platform.claude.com/docs/en/api/go/beta/messages/count_tokens		0.9
platform	https://platform.claude.com/docs/en/api/go/beta/messages/create		0.9
platform	https://platform.claude.com/docs/en/api/go/beta/models		0.9
platform	https://platform.claude.com/docs/en/api/go/beta/models/list		0.9
platform	https://platform.claude.com/docs/en/api/go/beta/models/retrieve		0.9
platform	https://platform.claude.com/docs/en/api/go/beta/skills		0.9
platform	https://platform.claude.com/docs/en/api/go/beta/skills/create		0.9
platform	https://platform.claude.com/docs/en/api/go/beta/skills/delete		0.9
platform	https://platform.claude.com/docs/en/api/go/beta/skills/list		0.9
platform	https://platform.claude.com/docs/en/api/go/beta/skills/retrieve		0.9
platform	https://platform.claude.com/docs/en/api/go/beta/skills/versions		0.9
platform	https://platform.claude.com/docs/en/api/go/beta/skills/versions/create		0.9
platform	https://platform.claude.com/docs/en/api/go/beta/skills/versions/delete		0.9
platform	https://platform.claude.com/docs/en/api/go/beta/skills/versions/list		0.9
platform	https://platform.claude.com/docs/en/api/go/beta/skills/versions/retrieve		0.9
platform	https://platform.claude.com/docs/en/api/go/completions		0.9
platform	https://platform.claude.com/docs/en/api/go/completions/create		0.9
platform	https://platform.claude.com/docs/en/api/go/messages		0.9
platform	https://platform.claude.com/docs/en/api/go/messages/batches		0.9
platform	https://platform.claude.com/docs/en/api/go/messages/batches/cancel		0.9
platform	https://platform.claude.com/docs/en/api/go/messages/batches/create		0.9
platform	https://platform.claude.com/docs/en/api/go/messages/batches/delete		0.9
platform	https://platform.claude.com/docs/en/api/go/messages/batches/list		0.9
platform	https://platform.claude.com/docs/en/api/go/messages/batches/results		0.9
platform	https://platform.claude.com/docs/en/api/go/messages/batches/retrieve		0.9
platform	https://platform.claude.com/docs/en/api/go/messages/count_tokens		0.9
platform	https://platform.claude.com/docs/en/api/go/messages/create		0.9
platform	https://platform.claude.com/docs/en/api/go/models		0.9
platform	https://platform.claude.com/docs/en/api/go/models/list		0.9
platform	https://platform.claude.com/docs/en/api/go/models/retrieve		0.9
platform	https://platform.claude.com/docs/en/api/ip-addresses		0.8
platform	https://platform.claude.com/docs/en/api/java/beta		0.9
platform	https://platform.claude.com/docs/en/api/java/beta/files		0.9
platform	https://platform.claude.com/docs/en/api/java/beta/files/delete		0.9
platform	https://platform.claude.com/docs/en/api/java/beta/files/download		0.9
platform	https://platform.claude.com/docs/en/api/java/beta/files/list		0.9
platform	https://platform.claude.com/docs/en/api/java/beta/files/retrieve_metadata		0.9
platform	https://platform.claude.com/docs/en/api/java/beta/files/upload		0.9
platform	https://platform.claude.com/docs/en/api/java/beta/messages		0.9
platform	https://platform.claude.com/docs/en/api/java/beta/messages/batches		0.9
platform	https://platform.claude.com/docs/en/api/java/beta/messages/batches/cancel		0.9
platform	https://platform.claude.com/docs/en/api/java/beta/messages/batches/create		0.9
platform	https://platform.claude.com/docs/en/api/java/beta/messages/batches/delete		0.9
platform	https://platform.claude.com/docs/en/api/java/beta/messages/batches/list		0.9
platform	https://platform.claude.com/docs/en/api/java/beta/messages/batches/results		0.9
platform	https://platform.claude.com/docs/en/api/java/beta/messages/batches/retrieve		0.9
platform	https://platform.claude.com/docs/en/api/java/beta/messages/count_tokens		0.9
platform	https://platform.claude.com/docs/en/api/java/beta/messages/create		0.9
platform	https://platform.claude.com/docs/en/api/java/beta/models		0.9
platform	https://platform.claude.com/docs/en/api/java/beta/models/list		0.9
platform	https://platform.claude.com/docs/en/api/java/beta/models/retrieve		0.9
platform	https://platform.claude.com/docs/en/api/java/beta/skills		0.9
platform	https://platform.claude.com/docs/en/api/java/beta/skills/create		0.9
platform	https://platform.claude.com/docs/en/api/java/beta/skills/delete		0.9
platform	https://platform.claude.com/docs/en/api/java/beta/skills/list		0.9
platform	https://platform.claude.com/docs/en/api/java/beta/skills/retrieve		0.9
platform	https://platform.claude.com/docs/en/api/java/beta/skills/versions		0.9
platform	https://platform.claude.com/docs/en/api/java/beta/skills/versions/create		0.9
platform	https://platform.claude.com/docs/en/api/java/beta/skills/versions/delete		0.9
platform	https://platform.claude.com/docs/en/api/java/beta/skills/versions/list		0.9
platform	https://platform.claude.com/docs/en/api/java/beta/skills/versions/retrieve		0.9
platform	https://platform.claude.com/docs/en/api/java/completions		0.9
platform	https://platform.claude.com/docs/en/api/java/completions/create		0.9
platform	https://platform.claude.com/docs/en/api/java/messages		0.9
platform	https://platform.claude.com/docs/en/api/java/messages/batches		0.9
platform	https://platform.claude.com/docs/en/api/java/messages/batches/cancel		0.9
platform	https://platform.claude.com/docs/en/api/java/messages/batches/create		0.9
platform	https://platform.claude.com/docs/en/api/java/messages/batches/delete		0.9
platform	https://platform.claude.com/docs/en/api/java/messages/batches/list		0.9
platform	https://platform.claude.com/docs/en/api/java/messages/batches/results		0.9
platform	https://platform.claude.com/docs/en/api/java/messages/batches/retrieve		0.9
platform	https://platform.claude.com/docs/en/api/java/messages/count_tokens		0.9
platform	https://platform.claude.com/docs/en/api/java/messages/create		0.9
platform	https://platform.claude.com/docs/en/api/java/models		0.9
platform	https://platform.claude.com/docs/en/api/java/models/list		0.9
platform	https://platform.claude.com/docs/en/api/java/models/retrieve		0.9
platform	https://platform.claude.com/docs/en/api/kotlin/beta		0.9
platform	https://platform.claude.com/docs/en/api/kotlin/beta/files		0.9
platform	https://platform.claude.com/docs/en/api/kotlin/beta/files/delete		0.9
platform	https://platform.claude.com/docs/en/api/kotlin/beta/files/download		0.9
platform	https://platform.claude.com/docs/en/api/kotlin/beta/files/list		0.9
platform	https://platform.claude.com/docs/en/api/kotlin/beta/files/retrieve_metadata		0.9
platform	https://platform.claude.com/docs/en/api/kotlin/beta/files/upload		0.9
platform	https://platform.claude.com/docs/en/api/kotlin/beta/messages		0.9
platform	https://platform.claude.com/docs/en/api/kotlin/beta/messages/batches		0.9
platform	https://platform.claude.com/docs/en/api/kotlin/beta/messages/batches/cancel		0.9
platform	https://platform.claude.com/docs/en/api/kotlin/beta/messages/batches/create		0.9
platform	https://platform.claude.com/docs/en/api/kotlin/beta/messages/batches/delete		0.9
platform	https://platform.claude.com/docs/en/api/kotlin/beta/messages/batches/list		0.9
platform	https://platform.claude.com/docs/en/api/kotlin/beta/messages/batches/results		0.9
platform	https://platform.claude.com/docs/en/api/kotlin/beta/messages/batches/retrieve		0.9
platform	https://platform.claude.com/docs/en/api/kotlin/beta/messages/count_tokens		0.9
platform	https://platform.claude.com/docs/en/api/kotlin/beta/messages/create		0.9
platform	https://platform.claude.com/docs/en/api/kotlin/beta/models		0.9
platform	https://platform.claude.com/docs/en/api/kotlin/beta/models/list		0.9
platform	https://platform.claude.com/docs/en/api/kotlin/beta/models/retrieve		0.9
platform	https://platform.claude.com/docs/en/api/kotlin/beta/skills		0.9
platform	https://platform.claude.com/docs/en/api/kotlin/beta/skills/create		0.9
platform	https://platform.claude.com/docs/en/api/kotlin/beta/skills/delete		0.9
platform	https://platform.claude.com/docs/en/api/kotlin/beta/skills/list		0.9
platform	https://platform.claude.com/docs/en/api/kotlin/beta/skills/retrieve		0.9
platform	https://platform.claude.com/docs/en/api/kotlin/beta/skills/versions		0.9
platform	https://platform.claude.com/docs/en/api/kotlin/beta/skills/versions/create		0.9
platform	https://platform.claude.com/docs/en/api/kotlin/beta/skills/versions/delete		0.9
platform	https://platform.claude.com/docs/en/api/kotlin/beta/skills/versions/list		0.9
platform	https://platform.claude.com/docs/en/api/kotlin/beta/skills/versions/retrieve		0.9
platform	https://platform.claude.com/docs/en/api/kotlin/completions		0.9
platform	https://platform.claude.com/docs/en/api/kotlin/completions/create		0.9
platform	https://platform.claude.com/docs/en/api/kotlin/messages		0.9
platform	https://platform.claude.com/docs/en/api/kotlin/messages/batches		0.9
platform	https://platform.claude.com/docs/en/api/kotlin/messages/batches/cancel		0.9
platform	https://platform.claude.com/docs/en/api/kotlin/messages/batches/create		0.9
platform	https://platform.claude.com/docs/en/api/kotlin/messages/batches/delete		0.9
platform	https://platform.claude.com/docs/en/api/kotlin/messages/batches/list		0.9
platform	https://platform.claude.com/docs/en/api/kotlin/messages/batches/results		0.9
platform	https://platform.claude.com/docs/en/api/kotlin/messages/batches/retrieve		0.9
platform	https://platform.claude.com/docs/en/api/kotlin/messages/count_tokens		0.9
platform	https://platform.claude.com/docs/en/api/kotlin/messages/create		0.9
platform	https://platform.claude.com/docs/en/api/kotlin/models		0.9
platform	https://platform.claude.com/docs/en/api/kotlin/models/list		0.9
platform	https://platform.claude.com/docs/en/api/kotlin/models/retrieve		0.9
platform	https://platform.claude.com/docs/en/api/messages		0.9
platform	https://platform.claude.com/docs/en/api/messages/batches		0.9
platform	https://platform.claude.com/docs/en/api/messages/batches/cancel		0.9
platform	https://platform.claude.com/docs/en/api/messages/batches/create		0.9
platform	https://platform.claude.com/docs/en/api/messages/batches/delete		0.9
platform	https://platform.claude.com/docs/en/api/messages/batches/list		0.9
platform	https://platform.claude.com/docs/en/api/messages/batches/results		0.9
platform	https://platform.claude.com/docs/en/api/messages/batches/retrieve		0.9
platform	https://platform.claude.com/docs/en/api/messages/count_tokens		0.9
platform	https://platform.claude.com/docs/en/api/messages/create		0.9
platform	https://platform.claude.com/docs/en/api/models		0.9
platform	https://platform.claude.com/docs/en/api/models/list		0.9
platform	https://platform.claude.com/docs/en/api/models/retrieve		0.9
platform	https://platform.claude.com/docs/en/api/openai-sdk		0.8
platform	https://platform.claude.com/docs/en/api/overview		1
platform	https://platform.claude.com/docs/en/api/python/beta		0.9
platform	https://platform.claude.com/docs/en/api/python/beta/files		0.9
platform	https://platform.claude.com/docs/en/api/python/beta/files/delete		0.9
platform	https://platform.claude.com/docs/en/api/python/beta/files/download		0.9
platform	https://platform.claude.com/docs/en/api/python/beta/files/list		0.9
platform	https://platform.claude.com/docs/en/api/python/beta/files/retrieve_metadata		0.9
platform	https://platform.claude.com/docs/en/api/python/beta/files/upload		0.9
platform	https://platform.claude.com/docs/en/api/python/beta/messages		0.9
platform	https://platform.claude.com/docs/en/api/python/beta/messages/batches		0.9
platform	https://platform.claude.com/docs/en/api/python/beta/messages/batches/cancel		0.9
platform	https://platform.claude.com/docs/en/api/python/beta/messages/batches/create		0.9
platform	https://platform.claude.com/docs/en/api/python/beta/messages/batches/delete		0.9
platform	https://platform.claude.com/docs/en/api/python/beta/messages/batches/list		0.9
platform	https://platform.claude.com/docs/en/api/python/beta/messages/batches/results		0.9
platform	https://platform.claude.com/docs/en/api/python/beta/messages/batches/retrieve		0.9
platform	https://platform.claude.com/docs/en/api/python/beta/messages/count_tokens		0.9
platform	https://platform.claude.com/docs/en/api/python/beta/messages/create		0.9
platform	https://platform.claude.com/docs/en/api/python/beta/models		0.9
platform	https://platform.claude.com/docs/en/api/python/beta/models/list		0.9
platform	https://platform.claude.com/docs/en/api/python/beta/models/retrieve		0.9
platform	https://platform.claude.com/docs/en/api/python/beta/skills		0.9
platform	https://platform.claude.com/docs/en/api/python/beta/skills/create		0.9
platform	https://platform.claude.com/docs/en/api/python/beta/skills/delete		0.9
platform	https://platform.claude.com/docs/en/api/python/beta/skills/list		0.9
platform	https://platform.claude.com/docs/en/api/python/beta/skills/retrieve		0.9
platform	https://platform.claude.com/docs/en/api/python/beta/skills/versions		0.9
platform	https://platform.claude.com/docs/en/api/python/beta/skills/versions/create		0.9
platform	https://platform.claude.com/docs/en/api/python/beta/skills/versions/delete		0.9
platform	https://platform.claude.com/docs/en/api/python/beta/skills/versions/list		0.9
platform	https://platform.claude.com/docs/en/api/python/beta/skills/versions/retrieve		0.9
platform	https://platform.claude.com/docs/en/api/python/completions		0.9
platform	https://platform.claude.com/docs/en/api/python/completions/create		0.9
platform	https://platform.claude.com/docs/en/api/python/messages		0.9
platform	https://platform.claude.com/docs/en/api/python/messages/batches		0.9
platform	https://platform.claude.com/docs/en/api/python/messages/batches/cancel		0.9
platform	https://platform.claude.com/docs/en/api/python/messages/batches/create		0.9
platform	https://platform.claude.com/docs/en/api/python/messages/batches/delete		0.9
platform	https://platform.claude.com/docs/en/api/python/messages/batches/list		0.9
platform	https://platform.claude.com/docs/en/api/python/messages/batches/results		0.9
platform	https://platform.claude.com/docs/en/api/python/messages/batches/retrieve		0.9
platform	https://platform.claude.com/docs/en/api/python/messages/count_tokens		0.9
platform	https://platform.claude.com/docs/en/api/python/messages/create		0.9
platform	https://platform.claude.com/docs/en/api/python/models		0.9
platform	https://platform.claude.com/docs/en/api/python/models/list		0.9
platform	https://platform.claude.com/docs/en/api/python/models/retrieve		0.9
platform	https://platform.claude.com/docs/en/api/rate-limits		0.8
platform	https://platform.claude.com/docs/en/api/ruby/beta		0.9
platform	https://platform.claude.com/docs/en/api/ruby/beta/files		0.9
platform	https://platform.claude.com/docs/en/api/ruby/beta/files/delete		0.9
platform	https://platform.claude.com/docs/en/api/ruby/beta/files/download		0.9
platform	https://platform.claude.com/docs/en/api/ruby/beta/files/list		0.9
platform	https://platform.claude.com/docs/en/api/ruby/beta/files/retrieve_metadata		0.9
platform	https://platform.claude.com/docs/en/api/ruby/beta/files/upload		0.9
platform	https://platform.claude.com/docs/en/api/ruby/beta/messages		0.9
platform	https://platform.claude.com/docs/en/api/ruby/beta/messages/batches		0.9
platform	https://platform.claude.com/docs/en/api/ruby/beta/messages/batches/cancel		0.9
platform	https://platform.claude.com/docs/en/api/ruby/beta/messages/batches/create		0.9
platform	https://platform.claude.com/docs/en/api/ruby/beta/messages/batches/delete		0.9
platform	https://platform.claude.com/docs/en/api/ruby/beta/messages/batches/list		0.9
platform	https://platform.claude.com/docs/en/api/ruby/beta/messages/batches/results		0.9
platform	https://platform.claude.com/docs/en/api/ruby/beta/messages/batches/retrieve		0.9
platform	https://platform.claude.com/docs/en/api/ruby/beta/messages/count_tokens		0.9
platform	https://platform.claude.com/docs/en/api/ruby/beta/messages/create		0.9
platform	https://platform.claude.com/docs/en/api/ruby/beta/models		0.9
platform	https://platform.claude.com/docs/en/api/ruby/beta/models/list		0.9
platform	https://platform.claude.com/docs/en/api/ruby/beta/models/retrieve		0.9
platform	https://platform.claude.com/docs/en/api/ruby/beta/skills		0.9
platform	https://platform.claude.com/docs/en/api/ruby/beta/skills/create		0.9
platform	https://platform.claude.com/docs/en/api/ruby/beta/skills/delete		0.9
platform	https://platform.claude.com/docs/en/api/ruby/beta/skills/list		0.9
platform	https://platform.claude.com/docs/en/api/ruby/beta/skills/retrieve		0.9
platform	https://platform.claude.com/docs/en/api/ruby/beta/skills/versions		0.9
platform	https://platform.claude.com/docs/en/api/ruby/beta/skills/versions/create		0.9
platform	https://platform.claude.com/docs/en/api/ruby/beta/skills/versions/delete		0.9
platform	https://platform.claude.com/docs/en/api/ruby/beta/skills/versions/list		0.9
platform	https://platform.claude.com/docs/en/api/ruby/beta/skills/versions/retrieve		0.9
platform	https://platform.claude.com/docs/en/api/ruby/completions		0.9
platform	https://platform.claude.com/docs/en/api/ruby/completions/create		0.9
platform	https://platform.claude.com/docs/en/api/ruby/messages		0.9
platform	https://platform.claude.com/docs/en/api/ruby/messages/batches		0.9
platform	https://platform.claude.com/docs/en/api/ruby/messages/batches/cancel		0.9
platform	https://platform.claude.com/docs/en/api/ruby/messages/batches/create		0.9
platform	https://platform.claude.com/docs/en/api/ruby/messages/batches/delete		0.9
platform	https://platform.claude.com/docs/en/api/ruby/messages/batches/list		0.9
platform	https://platform.claude.com/docs/en/api/ruby/messages/batches/results		0.9
platform	https://platform.claude.com/docs/en/api/ruby/messages/batches/retrieve		0.9
platform	https://platform.claude.com/docs/en/api/ruby/messages/count_tokens		0.9
platform	https://platform.claude.com/docs/en/api/ruby/messages/create		0.9
platform	https://platform.claude.com/docs/en/api/ruby/models		0.9
platform	https://platform.claude.com/docs/en/api/ruby/models/list		0.9
platform	https://platform.claude.com/docs/en/api/ruby/models/retrieve		0.9
platform	https://platform.claude.com/docs/en/api/service-tiers		0.8
platform	https://platform.claude.com/docs/en/api/supported-regions		0.8
platform	https://platform.claude.com/docs/en/api/typescript/beta		0.9
platform	https://platform.claude.com/docs/en/api/typescript/beta/files		0.9
platform	https://platform.claude.com/docs/en/api/typescript/beta/files/delete		0.9
platform	https://platform.claude.com/docs/en/api/typescript/beta/files/download		0.9
platform	https://platform.claude.com/docs/en/api/typescript/beta/files/list		0.9
platform	https://platform.claude.com/docs/en/api/typescript/beta/files/retrieve_metadata		0.9
platform	https://platform.claude.com/docs/en/api/typescript/beta/files/upload		0.9
platform	https://platform.claude.com/docs/en/api/typescript/beta/messages		0.9
platform	https://platform.claude.com/docs/en/api/typescript/beta/messages/batches		0.9
platform	https://platform.claude.com/docs/en/api/typescript/beta/messages/batches/cancel		0.9
platform	https://platform.claude.com/docs/en/api/typescript/beta/messages/batches/create		0.9
platform	https://platform.claude.com/docs/en/api/typescript/beta/messages/batches/delete		0.9
platform	https://platform.claude.com/docs/en/api/typescript/beta/messages/batches/list		0.9
platform	https://platform.claude.com/docs/en/api/typescript/beta/messages/batches/results		0.9
platform	https://platform.claude.com/docs/en/api/typescript/beta/messages/batches/retrieve		0.9
platform	https://platform.claude.com/docs/en/api/typescript/beta/messages/count_tokens		0.9
platform	https://platform.claude.com/docs/en/api/typescript/beta/messages/create		0.9
platform	https://platform.claude.com/docs/en/api/typescript/beta/models		0.9
platform	https://platform.claude.com/docs/en/api/typescript/beta/models/list		0.9
platform	https://platform.claude.com/docs/en/api/typescript/beta/models/retrieve		0.9
platform	https://platform.claude.com/docs/en/api/typescript/beta/skills		0.9
platform	https://platform.claude.com/docs/en/api/typescript/beta/skills/create		0.9
platform	https://platform.claude.com/docs/en/api/typescript/beta/skills/delete		0.9
platform	https://platform.claude.com/docs/en/api/typescript/beta/skills/list		0.9
platform	https://platform.claude.com/docs/en/api/typescript/beta/skills/retrieve		0.9
platform	https://platform.claude.com/docs/en/api/typescript/beta/skills/versions		0.9
platform	https://platform.claude.com/docs/en/api/typescript/beta/skills/versions/create		0.9
platform	https://platform.claude.com/docs/en/api/typescript/beta/skills/versions/delete		0.9
platform	https://platform.claude.com/docs/en/api/typescript/beta/skills/versions/list		0.9
platform	https://platform.claude.com/docs/en/api/typescript/beta/skills/versions/retrieve		0.9
platform	https://platform.claude.com/docs/en/api/typescript/completions		0.9
platform	https://platform.claude.com/docs/en/api/typescript/completions/create		0.9
platform	https://platform.claude.com/docs/en/api/typescript/messages		0.9
platform	https://platform.claude.com/docs/en/api/typescript/messages/batches		0.9
platform	https://platform.claude.com/docs/en/api/typescript/messages/batches/cancel		0.9
platform	https://platform.claude.com/docs/en/api/typescript/messages/batches/create		0.9
platform	https://platform.claude.com/docs/en/api/typescript/messages/batches/delete		0.9
platform	https://platform.claude.com/docs/en/api/typescript/messages/batches/list		0.9
platform	https://platform.claude.com/docs/en/api/typescript/messages/batches/results		0.9
platform	https://platform.claude.com/docs/en/api/typescript/messages/batches/retrieve		0.9
platform	https://platform.claude.com/docs/en/api/typescript/messages/count_tokens		0.9
platform	https://platform.claude.com/docs/en/api/typescript/messages/create		0.9
platform	https://platform.claude.com/docs/en/api/typescript/models		0.9
platform	https://platform.claude.com/docs/en/api/typescript/models/list		0.9
platform	https://platform.claude.com/docs/en/api/typescript/models/retrieve		0.9
platform	https://platform.claude.com/docs/en/api/versioning		0.8
platform	https://platform.claude.com/docs/en/build-with-claude/administration-api		0.8
platform	https://platform.claude.com/docs/en/build-with-claude/batch-processing		0.8
platform	https://platform.claude.com/docs/en/build-with-claude/citations		0.8
platform	https://platform.claude.com/docs/en/build-with-claude/claude-code-analytics-api		0.8
platform	https://platform.claude.com/docs/en/build-with-claude/claude-in-microsoft-foundry		0.8
platform	https://platform.claude.com/docs/en/build-with-claude/claude-on-amazon-bedrock		0.8
platform	https://platform.claude.com/docs/en/build-with-claude/claude-on-vertex-ai		0.8
platform	https://platform.claude.com/docs/en/build-with-claude/context-editing		0.8
platform	https://platform.claude.com/docs/en/build-with-claude/context-windows		0.8
platform	https://platform.claude.com/docs/en/build-with-claude/effort		0.8
platform	https://platform.claude.com/docs/en/build-with-claude/embeddings		0.8
platform	https://platform.claude.com/docs/en/build-with-claude/extended-thinking		0.8
platform	https://platform.claude.com/docs/en/build-with-claude/files		0.8
platform	https://platform.claude.com/docs/en/build-with-claude/multilingual-support		0.8
platform	https://platform.claude.com/docs/en/build-with-claude/overview		1
platform	https://platform.claude.com/docs/en/build-with-claude/pdf-support		0.8
platform	https://platform.claude.com/docs/en/build-with-claude/prompt-caching		0.8
platform	https://platform.claude.com/docs/en/build-with-claude/prompt-engineering/be-clear-and-direct		0.8
platform	https://platform.claude.com/docs/en/build-with-claude/prompt-engineering/chain-of-thought		0.8
platform	https://platform.claude.com/docs/en/build-with-claude/prompt-engineering/chain-prompts		0.8
platform	https://platform.claude.com/docs/en/build-with-claude/prompt-engineering/claude-4-best-practices		0.8
platform	https://platform.claude.com/docs/en/build-with-claude/prompt-engineering/extended-thinking-tips		0.8
platform	https://platform.claude.com/docs/en/build-with-claude/prompt-engineering/long-context-tips		0.8
platform	https://platform.claude.com/docs/en/build-with-claude/prompt-engineering/multishot-prompting		0.8
platform	https://platform.claude.com/docs/en/build-with-claude/prompt-engineering/overview		1
platform	https://platform.claude.com/docs/en/build-with-claude/prompt-engineering/prefill-claudes-response		0.8
platform	https://platform.claude.com/docs/en/build-with-claude/prompt-engineering/prompt-generator		0.8
platform	https://platform.claude.com/docs/en/build-with-claude/prompt-engineering/prompt-improver		0.8
platform	https://platform.claude.com/docs/en/build-with-claude/prompt-engineering/prompt-templates-and-variables		0.8
platform	https://platform.claude.com/docs/en/build-with-claude/prompt-engineering/system-prompts		0.8
platform	https://platform.claude.com/docs/en/build-with-claude/prompt-engineering/use-xml-tags		0.8
platform	https://platform.claude.com/docs/en/build-with-claude/search-results		0.8
platform	https://platform.claude.com/docs/en/build-with-claude/skills-guide		0.8
platform	https://platform.claude.com/docs/en/build-with-claude/streaming		0.8
platform	https://platform.claude.com/docs/en/build-with-claude/structured-outputs		0.8
platform	https://platform.claude.com/docs/en/build-with-claude/token-counting		0.8
platform	https://platform.claude.com/docs/en/build-with-claude/usage-cost-api		0.8
platform	https://platform.claude.com/docs/en/build-with-claude/vision		0.8
platform	https://platform.claude.com/docs/en/build-with-claude/working-with-messages		0.8
platform	https://platform.claude.com/docs/en/build-with-claude/workspaces		0.8
platform	https://platform.claude.com/docs/en/build-with-claude/zero-data-retention		0.8
platform	https://platform.claude.com/docs/en/get-started		1
platform	https://platform.claude.com/docs/en/intro		1
platform	https://platform.claude.com/docs/en/release-notes/overview		1
platform	https://platform.claude.com/docs/en/release-notes/system-prompts		0.8
platform	https://platform.claude.com/docs/en/resources/overview		1
platform	https://platform.claude.com/docs/en/resources/prompt-library/adaptive-editor		0.8
platform	https://platform.claude.com/docs/en/resources/prompt-library/airport-code-analyst		0.8
platform	https://platform.claude.com/docs/en/resources/prompt-library/alien-anthropologist		0.8
platform	https://platform.claude.com/docs/en/resources/prompt-library/alliteration-alchemist		0.8
platform	https://platform.claude.com/docs/en/resources/prompt-library/babels-broadcasts		0.8
platform	https://platform.claude.com/docs/en/resources/prompt-library/brand-builder		0.8
platform	https://platform.claude.com/docs/en/resources/prompt-library/career-coach		0.8
platform	https://platform.claude.com/docs/en/resources/prompt-library/cite-your-sources		0.8
platform	https://platform.claude.com/docs/en/resources/prompt-library/code-clarifier		0.8
platform	https://platform.claude.com/docs/en/resources/prompt-library/code-consultant		0.8
platform	https://platform.claude.com/docs/en/resources/prompt-library/corporate-clairvoyant		0.8
platform	https://platform.claude.com/docs/en/resources/prompt-library/cosmic-keystrokes		0.8
platform	https://platform.claude.com/docs/en/resources/prompt-library/csv-converter		0.8
platform	https://platform.claude.com/docs/en/resources/prompt-library/culinary-creator		0.8
platform	https://platform.claude.com/docs/en/resources/prompt-library/data-organizer		0.8
platform	https://platform.claude.com/docs/en/resources/prompt-library/direction-decoder		0.8
platform	https://platform.claude.com/docs/en/resources/prompt-library/dream-interpreter		0.8
platform	https://platform.claude.com/docs/en/resources/prompt-library/efficiency-estimator		0.8
platform	https://platform.claude.com/docs/en/resources/prompt-library/email-extractor		0.8
platform	https://platform.claude.com/docs/en/resources/prompt-library/emoji-encoder		0.8
platform	https://platform.claude.com/docs/en/resources/prompt-library/ethical-dilemma-navigator		0.8
platform	https://platform.claude.com/docs/en/resources/prompt-library/excel-formula-expert		0.8
platform	https://platform.claude.com/docs/en/resources/prompt-library/function-fabricator		0.8
platform	https://platform.claude.com/docs/en/resources/prompt-library/futuristic-fashion-advisor		0.8
platform	https://platform.claude.com/docs/en/resources/prompt-library/git-gud		0.8
platform	https://platform.claude.com/docs/en/resources/prompt-library/google-apps-scripter		0.8
platform	https://platform.claude.com/docs/en/resources/prompt-library/grading-guru		0.8
platform	https://platform.claude.com/docs/en/resources/prompt-library/grammar-genie		0.8
platform	https://platform.claude.com/docs/en/resources/prompt-library/hal-the-humorous-helper		0.8
platform	https://platform.claude.com/docs/en/resources/prompt-library/idiom-illuminator		0.8
platform	https://platform.claude.com/docs/en/resources/prompt-library/interview-question-crafter		0.8
platform	https://platform.claude.com/docs/en/resources/prompt-library/latex-legend		0.8
platform	https://platform.claude.com/docs/en/resources/prompt-library/lesson-planner		0.8
platform	https://platform.claude.com/docs/en/resources/prompt-library/library		0.8
platform	https://platform.claude.com/docs/en/resources/prompt-library/master-moderator		0.8
platform	https://platform.claude.com/docs/en/resources/prompt-library/meeting-scribe		0.8
platform	https://platform.claude.com/docs/en/resources/prompt-library/memo-maestro		0.8
platform	https://platform.claude.com/docs/en/resources/prompt-library/mindfulness-mentor		0.8
platform	https://platform.claude.com/docs/en/resources/prompt-library/mood-colorizer		0.8
platform	https://platform.claude.com/docs/en/resources/prompt-library/motivational-muse		0.8
platform	https://platform.claude.com/docs/en/resources/prompt-library/neologism-creator		0.8
platform	https://platform.claude.com/docs/en/resources/prompt-library/perspectives-ponderer		0.8
platform	https://platform.claude.com/docs/en/resources/prompt-library/philosophical-musings		0.8
platform	https://platform.claude.com/docs/en/resources/prompt-library/pii-purifier		0.8
platform	https://platform.claude.com/docs/en/resources/prompt-library/polyglot-superpowers		0.8
platform	https://platform.claude.com/docs/en/resources/prompt-library/portmanteau-poet		0.8
platform	https://platform.claude.com/docs/en/resources/prompt-library/product-naming-pro		0.8
platform	https://platform.claude.com/docs/en/resources/prompt-library/prose-polisher		0.8
platform	https://platform.claude.com/docs/en/resources/prompt-library/pun-dit		0.8
platform	https://platform.claude.com/docs/en/resources/prompt-library/python-bug-buster		0.8
platform	https://platform.claude.com/docs/en/resources/prompt-library/review-classifier		0.8
platform	https://platform.claude.com/docs/en/resources/prompt-library/riddle-me-this		0.8
platform	https://platform.claude.com/docs/en/resources/prompt-library/sci-fi-scenario-simulator		0.8
platform	https://platform.claude.com/docs/en/resources/prompt-library/second-grade-simplifier		0.8
platform	https://platform.claude.com/docs/en/resources/prompt-library/simile-savant		0.8
platform	https://platform.claude.com/docs/en/resources/prompt-library/socratic-sage		0.8
platform	https://platform.claude.com/docs/en/resources/prompt-library/spreadsheet-sorcerer		0.8
platform	https://platform.claude.com/docs/en/resources/prompt-library/sql-sorcerer		0.8
platform	https://platform.claude.com/docs/en/resources/prompt-library/storytelling-sidekick		0.8
platform	https://platform.claude.com/docs/en/resources/prompt-library/time-travel-consultant		0.8
platform	https://platform.claude.com/docs/en/resources/prompt-library/tongue-twister		0.8
platform	https://platform.claude.com/docs/en/resources/prompt-library/trivia-generator		0.8
platform	https://platform.claude.com/docs/en/resources/prompt-library/tweet-tone-detector		0.8
platform	https://platform.claude.com/docs/en/resources/prompt-library/vr-fitness-innovator		0.8
platform	https://platform.claude.com/docs/en/resources/prompt-library/website-wizard		0.8
platform	https://platform.claude.com/docs/en/test-and-evaluate/define-success		0.8
platform	https://platform.claude.com/docs/en/test-and-evaluate/develop-tests		0.8
platform	https://platform.claude.com/docs/en/test-and-evaluate/eval-tool		0.8
platform	https://platform.claude.com/docs/en/test-and-evaluate/strengthen-guardrails/handle-streaming-refusals		0.8
platform	https://platform.claude.com/docs/en/test-and-evaluate/strengthen-guardrails/increase-consistency		0.8
platform	https://platform.claude.com/docs/en/test-and-evaluate/strengthen-guardrails/keep-claude-in-character		0.8
platform	https://platform.claude.com/docs/en/test-and-evaluate/strengthen-guardrails/mitigate-jailbreaks		0.8
platform	https://platform.claude.com/docs/en/test-and-evaluate/strengthen-guardrails/reduce-hallucinations		0.8
platform	https://platform.claude.com/docs/en/test-and-evaluate/strengthen-guardrails/reduce-latency		0.8
platform	https://platform.claude.com/docs/en/test-and-evaluate/strengthen-guardrails/reduce-prompt-leak		0.8
platform	https://platform.claude.com/docs/id/about-claude/glossary		0.7
platform	https://platform.claude.com/docs/id/about-claude/model-deprecations		0.7
platform	https://platform.claude.com/docs/id/about-claude/models/choosing-a-model		0.7
platform	https://platform.claude.com/docs/id/about-claude/models/migrating-to-claude-4		0.7
platform	https://platform.claude.com/docs/id/about-claude/models/overview		0.9
platform	https://platform.claude.com/docs/id/about-claude/models/whats-new-claude-4-5		0.7
platform	https://platform.claude.com/docs/id/about-claude/pricing		0.7
platform	https://platform.claude.com/docs/id/about-claude/use-case-guides/content-moderation		0.7
platform	https://platform.claude.com/docs/id/about-claude/use-case-guides/customer-support-chat		0.7
platform	https://platform.claude.com/docs/id/about-claude/use-case-guides/legal-summarization		0.7
platform	https://platform.claude.com/docs/id/about-claude/use-case-guides/overview		0.9
platform	https://platform.claude.com/docs/id/about-claude/use-case-guides/ticket-routing		0.7
platform	https://platform.claude.com/docs/id/agent-sdk/cost-tracking		0.7
platform	https://platform.claude.com/docs/id/agent-sdk/custom-tools		0.7
platform	https://platform.claude.com/docs/id/agent-sdk/file-checkpointing		0.7
platform	https://platform.claude.com/docs/id/agent-sdk/hooks		0.7
platform	https://platform.claude.com/docs/id/agent-sdk/hosting		0.7
platform	https://platform.claude.com/docs/id/agent-sdk/mcp		0.7
platform	https://platform.claude.com/docs/id/agent-sdk/migration-guide		0.7
platform	https://platform.claude.com/docs/id/agent-sdk/modifying-system-prompts		0.7
platform	https://platform.claude.com/docs/id/agent-sdk/overview		0.9
platform	https://platform.claude.com/docs/id/agent-sdk/permissions		0.7
platform	https://platform.claude.com/docs/id/agent-sdk/plugins		0.7
platform	https://platform.claude.com/docs/id/agent-sdk/python		0.7
platform	https://platform.claude.com/docs/id/agent-sdk/quickstart		0.9
platform	https://platform.claude.com/docs/id/agent-sdk/secure-deployment		0.7
platform	https://platform.claude.com/docs/id/agent-sdk/sessions		0.7
platform	https://platform.claude.com/docs/id/agent-sdk/skills		0.7
platform	https://platform.claude.com/docs/id/agent-sdk/slash-commands		0.7
platform	https://platform.claude.com/docs/id/agent-sdk/streaming-vs-single-mode		0.7
platform	https://platform.claude.com/docs/id/agent-sdk/structured-outputs		0.7
platform	https://platform.claude.com/docs/id/agent-sdk/subagents		0.7
platform	https://platform.claude.com/docs/id/agent-sdk/todo-tracking		0.7
platform	https://platform.claude.com/docs/id/agent-sdk/typescript		0.7
platform	https://platform.claude.com/docs/id/agent-sdk/typescript-v2-preview		0.7
platform	https://platform.claude.com/docs/id/agents-and-tools/agent-skills/best-practices		0.7
platform	https://platform.claude.com/docs/id/agents-and-tools/agent-skills/overview		0.9
platform	https://platform.claude.com/docs/id/agents-and-tools/agent-skills/quickstart		0.9
platform	https://platform.claude.com/docs/id/agents-and-tools/mcp-connector		0.7
platform	https://platform.claude.com/docs/id/agents-and-tools/remote-mcp-servers		0.7
platform	https://platform.claude.com/docs/id/agents-and-tools/tool-use/bash-tool		0.7
platform	https://platform.claude.com/docs/id/agents-and-tools/tool-use/code-execution-tool		0.7
platform	https://platform.claude.com/docs/id/agents-and-tools/tool-use/computer-use-tool		0.7
platform	https://platform.claude.com/docs/id/agents-and-tools/tool-use/fine-grained-tool-streaming		0.7
platform	https://platform.claude.com/docs/id/agents-and-tools/tool-use/implement-tool-use		0.7
platform	https://platform.claude.com/docs/id/agents-and-tools/tool-use/memory-tool		0.7
platform	https://platform.claude.com/docs/id/agents-and-tools/tool-use/overview		0.9
platform	https://platform.claude.com/docs/id/agents-and-tools/tool-use/programmatic-tool-calling		0.7
platform	https://platform.claude.com/docs/id/agents-and-tools/tool-use/text-editor-tool		0.7
platform	https://platform.claude.com/docs/id/agents-and-tools/tool-use/tool-search-tool		0.7
platform	https://platform.claude.com/docs/id/agents-and-tools/tool-use/web-fetch-tool		0.7
platform	https://platform.claude.com/docs/id/agents-and-tools/tool-use/web-search-tool		0.7
platform	https://platform.claude.com/docs/id/api/beta-headers		0.7
platform	https://platform.claude.com/docs/id/api/client-sdks		0.7
platform	https://platform.claude.com/docs/id/api/errors		0.7
platform	https://platform.claude.com/docs/id/api/ip-addresses		0.7
platform	https://platform.claude.com/docs/id/api/openai-sdk		0.7
platform	https://platform.claude.com/docs/id/api/overview		0.9
platform	https://platform.claude.com/docs/id/api/rate-limits		0.7
platform	https://platform.claude.com/docs/id/api/service-tiers		0.7
platform	https://platform.claude.com/docs/id/api/supported-regions		0.7
platform	https://platform.claude.com/docs/id/api/versioning		0.7
platform	https://platform.claude.com/docs/id/build-with-claude/administration-api		0.7
platform	https://platform.claude.com/docs/id/build-with-claude/batch-processing		0.7
platform	https://platform.claude.com/docs/id/build-with-claude/citations		0.7
platform	https://platform.claude.com/docs/id/build-with-claude/claude-code-analytics-api		0.7
platform	https://platform.claude.com/docs/id/build-with-claude/claude-in-microsoft-foundry		0.7
platform	https://platform.claude.com/docs/id/build-with-claude/claude-on-amazon-bedrock		0.7
platform	https://platform.claude.com/docs/id/build-with-claude/claude-on-vertex-ai		0.7
platform	https://platform.claude.com/docs/id/build-with-claude/context-editing		0.7
platform	https://platform.claude.com/docs/id/build-with-claude/context-windows		0.7
platform	https://platform.claude.com/docs/id/build-with-claude/effort		0.7
platform	https://platform.claude.com/docs/id/build-with-claude/embeddings		0.7
platform	https://platform.claude.com/docs/id/build-with-claude/extended-thinking		0.7
platform	https://platform.claude.com/docs/id/build-with-claude/files		0.7
platform	https://platform.claude.com/docs/id/build-with-claude/multilingual-support		0.7
platform	https://platform.claude.com/docs/id/build-with-claude/overview		0.9
platform	https://platform.claude.com/docs/id/build-with-claude/pdf-support		0.7
platform	https://platform.claude.com/docs/id/build-with-claude/prompt-caching		0.7
platform	https://platform.claude.com/docs/id/build-with-claude/prompt-engineering/be-clear-and-direct		0.7
platform	https://platform.claude.com/docs/id/build-with-claude/prompt-engineering/chain-of-thought		0.7
platform	https://platform.claude.com/docs/id/build-with-claude/prompt-engineering/chain-prompts		0.7
platform	https://platform.claude.com/docs/id/build-with-claude/prompt-engineering/claude-4-best-practices		0.7
platform	https://platform.claude.com/docs/id/build-with-claude/prompt-engineering/extended-thinking-tips		0.7
platform	https://platform.claude.com/docs/id/build-with-claude/prompt-engineering/long-context-tips		0.7
platform	https://platform.claude.com/docs/id/build-with-claude/prompt-engineering/multishot-prompting		0.7
platform	https://platform.claude.com/docs/id/build-with-claude/prompt-engineering/overview		0.9
platform	https://platform.claude.com/docs/id/build-with-claude/prompt-engineering/prefill-claudes-response		0.7
platform	https://platform.claude.com/docs/id/build-with-claude/prompt-engineering/prompt-generator		0.7
platform	https://platform.claude.com/docs/id/build-with-claude/prompt-engineering/prompt-improver		0.7
platform	https://platform.claude.com/docs/id/build-with-claude/prompt-engineering/prompt-templates-and-variables		0.7
platform	https://platform.claude.com/docs/id/build-with-claude/prompt-engineering/system-prompts		0.7
platform	https://platform.claude.com/docs/id/build-with-claude/prompt-engineering/use-xml-tags		0.7
platform	https://platform.claude.com/docs/id/build-with-claude/search-results		0.7
platform	https://platform.claude.com/docs/id/build-with-claude/skills-guide		0.7
platform	https://platform.claude.com/docs/id/build-with-claude/streaming		0.7
platform	https://platform.claude.com/docs/id/build-with-claude/structured-outputs		0.7
platform	https://platform.claude.com/docs/id/build-with-claude/token-counting		0.7
platform	https://platform.claude.com/docs/id/build-with-claude/usage-cost-api		0.7
platform	https://platform.claude.com/docs/id/build-with-claude/vision		0.7
platform	https://platform.claude.com/docs/id/build-with-claude/working-with-messages		0.7
platform	https://platform.claude.com/docs/id/get-started		1
platform	https://platform.claude.com/docs/id/intro		1
platform	https://platform.claude.com/docs/id/release-notes/overview		0.9
platform	https://platform.claude.com/docs/id/release-notes/system-prompts		0.7
platform	https://platform.claude.com/docs/id/resources/overview		0.9
platform	https://platform.claude.com/docs/id/resources/prompt-library/adaptive-editor		0.7
platform	https://platform.claude.com/docs/id/resources/prompt-library/airport-code-analyst		0.7
platform	https://platform.claude.com/docs/id/resources/prompt-library/alien-anthropologist		0.7
platform	https://platform.claude.com/docs/id/resources/prompt-library/alliteration-alchemist		0.7
platform	https://platform.claude.com/docs/id/resources/prompt-library/babels-broadcasts		0.7
platform	https://platform.claude.com/docs/id/resources/prompt-library/brand-builder		0.7
platform	https://platform.claude.com/docs/id/resources/prompt-library/career-coach		0.7
platform	https://platform.claude.com/docs/id/resources/prompt-library/cite-your-sources		0.7
platform	https://platform.claude.com/docs/id/resources/prompt-library/code-clarifier		0.7
platform	https://platform.claude.com/docs/id/resources/prompt-library/code-consultant		0.7
platform	https://platform.claude.com/docs/id/resources/prompt-library/corporate-clairvoyant		0.7
platform	https://platform.claude.com/docs/id/resources/prompt-library/cosmic-keystrokes		0.7
platform	https://platform.claude.com/docs/id/resources/prompt-library/csv-converter		0.7
platform	https://platform.claude.com/docs/id/resources/prompt-library/culinary-creator		0.7
platform	https://platform.claude.com/docs/id/resources/prompt-library/data-organizer		0.7
platform	https://platform.claude.com/docs/id/resources/prompt-library/direction-decoder		0.7
platform	https://platform.claude.com/docs/id/resources/prompt-library/dream-interpreter		0.7
platform	https://platform.claude.com/docs/id/resources/prompt-library/efficiency-estimator		0.7
platform	https://platform.claude.com/docs/id/resources/prompt-library/email-extractor		0.7
platform	https://platform.claude.com/docs/id/resources/prompt-library/emoji-encoder		0.7
platform	https://platform.claude.com/docs/id/resources/prompt-library/ethical-dilemma-navigator		0.7
platform	https://platform.claude.com/docs/id/resources/prompt-library/excel-formula-expert		0.7
platform	https://platform.claude.com/docs/id/resources/prompt-library/function-fabricator		0.7
platform	https://platform.claude.com/docs/id/resources/prompt-library/futuristic-fashion-advisor		0.7
platform	https://platform.claude.com/docs/id/resources/prompt-library/git-gud		0.7
platform	https://platform.claude.com/docs/id/resources/prompt-library/google-apps-scripter		0.7
platform	https://platform.claude.com/docs/id/resources/prompt-library/grading-guru		0.7
platform	https://platform.claude.com/docs/id/resources/prompt-library/grammar-genie		0.7
platform	https://platform.claude.com/docs/id/resources/prompt-library/hal-the-humorous-helper		0.7
platform	https://platform.claude.com/docs/id/resources/prompt-library/idiom-illuminator		0.7
platform	https://platform.claude.com/docs/id/resources/prompt-library/interview-question-crafter		0.7
platform	https://platform.claude.com/docs/id/resources/prompt-library/latex-legend		0.7
platform	https://platform.claude.com/docs/id/resources/prompt-library/lesson-planner		0.7
platform	https://platform.claude.com/docs/id/resources/prompt-library/library		0.7
platform	https://platform.claude.com/docs/id/resources/prompt-library/master-moderator		0.7
platform	https://platform.claude.com/docs/id/resources/prompt-library/meeting-scribe		0.7
platform	https://platform.claude.com/docs/id/resources/prompt-library/memo-maestro		0.7
platform	https://platform.claude.com/docs/id/resources/prompt-library/mindfulness-mentor		0.7
platform	https://platform.claude.com/docs/id/resources/prompt-library/mood-colorizer		0.7
platform	https://platform.claude.com/docs/id/resources/prompt-library/motivational-muse		0.7
platform	https://platform.claude.com/docs/id/resources/prompt-library/neologism-creator		0.7
platform	https://platform.claude.com/docs/id/resources/prompt-library/perspectives-ponderer		0.7
platform	https://platform.claude.com/docs/id/resources/prompt-library/philosophical-musings		0.7
platform	https://platform.claude.com/docs/id/resources/prompt-library/pii-purifier		0.7
platform	https://platform.claude.com/docs/id/resources/prompt-library/polyglot-superpowers		0.7
platform	https://platform.claude.com/docs/id/resources/prompt-library/portmanteau-poet		0.7
platform	https://platform.claude.com/docs/id/resources/prompt-library/product-naming-pro		0.7
platform	https://platform.claude.com/docs/id/resources/prompt-library/prose-polisher		0.7
platform	https://platform.claude.com/docs/id/resources/prompt-library/pun-dit		0.7
platform	https://platform.claude.com/docs/id/resources/prompt-library/python-bug-buster		0.7
platform	https://platform.claude.com/docs/id/resources/prompt-library/review-classifier		0.7
platform	https://platform.claude.com/docs/id/resources/prompt-library/riddle-me-this		0.7
platform	https://platform.claude.com/docs/id/resources/prompt-library/sci-fi-scenario-simulator		0.7
platform	https://platform.claude.com/docs/id/resources/prompt-library/second-grade-simplifier		0.7
platform	https://platform.claude.com/docs/id/resources/prompt-library/simile-savant		0.7
platform	https://platform.claude.com/docs/id/resources/prompt-library/socratic-sage		0.7
platform	https://platform.claude.com/docs/id/resources/prompt-library/spreadsheet-sorcerer		0.7
platform	https://platform.claude.com/docs/id/resources/prompt-library/sql-sorcerer		0.7
platform	https://platform.claude.com/docs/id/resources/prompt-library/storytelling-sidekick		0.7
platform	https://platform.claude.com/docs/id/resources/prompt-library/time-travel-consultant		0.7
platform	https://platform.claude.com/docs/id/resources/prompt-library/tongue-twister		0.7
platform	https://platform.claude.com/docs/id/resources/prompt-library/trivia-generator		0.7
platform	https://platform.claude.com/docs/id/resources/prompt-library/tweet-tone-detector		0.7
platform	https://platform.claude.com/docs/id/resources/prompt-library/vr-fitness-innovator		0.7
platform	https://platform.claude.com/docs/id/resources/prompt-library/website-wizard		0.7
platform	https://platform.claude.com/docs/id/test-and-evaluate/define-success		0.7
platform	https://platform.claude.com/docs/id/test-and-evaluate/develop-tests		0.7
platform	https://platform.claude.com/docs/id/test-and-evaluate/eval-tool		0.7
platform	https://platform.claude.com/docs/id/test-and-evaluate/strengthen-guardrails/handle-streaming-refusals		0.7
platform	https://platform.claude.com/docs/id/test-and-evaluate/strengthen-guardrails/increase-consistency		0.7
platform	https://platform.claude.com/docs/id/test-and-evaluate/strengthen-guardrails/keep-claude-in-character		0.7
platform	https://platform.claude.com/docs/id/test-and-evaluate/strengthen-guardrails/mitigate-jailbreaks		0.7
platform	https://platform.claude.com/docs/id/test-and-evaluate/strengthen-guardrails/reduce-hallucinations		0.7
platform	https://platform.claude.com/docs/id/test-and-evaluate/strengthen-guardrails/reduce-latency		0.7
platform	https://platform.claude.com/docs/id/test-and-evaluate/strengthen-guardrails/reduce-prompt-leak		0.7
